source_file,line_number,referenced_path,ref_type
README.md,8,docs/README.md,markdown_link
README.md,9,docs/PURPOSE.md,markdown_link
README.md,20,gas/README.md,markdown_link
README.md,20,docs/reference/remaining-ops-checklist.md,markdown_link
README.md,26,docs/README.md,markdown_link
README.md,27,docs/REPOSITORY-STRUCTURE.md,markdown_link
README.md,28,docs/PURPOSE.md,markdown_link
README.md,29,docs/DESIGN.md,markdown_link
README.md,30,docs/SPECIFICATION.md,markdown_link
README.md,31,docs/reference/README.md,markdown_link
README.md,32,data/README.md,markdown_link
data/README.md,17,../docs/REPOSITORY-STRUCTURE.md,markdown_link
data/batches/README.md,32,../../docs/REPOSITORY-STRUCTURE.md,markdown_link
data/pipeline/README.md,15,../../docs/reference/r4-pending-review-guide.md,markdown_link
docs/README.md,11,REPOSITORY-STRUCTURE.md,markdown_link
docs/README.md,12,PURPOSE.md,markdown_link
docs/README.md,13,DESIGN.md,markdown_link
docs/README.md,14,SPECIFICATION.md,markdown_link
docs/README.md,24,DOCUMENT-MAP.md,markdown_link
docs/README.md,25,DEV-GUARDRAILS.md,markdown_link
docs/README.md,26,DOC-SYNC-PLAYBOOK.md,markdown_link
docs/README.md,27,CURSOR-INSTRUCTION-GUIDE.md,markdown_link
docs/README.md,40,cursor/README.md,markdown_link
docs/README.md,41,reference/README.md,markdown_link
docs/README.md,50,cursor/reports/cursor-implementation-report-phase-r.md,markdown_link
docs/README.md,51,cursor/reports/cursor-implementation-report-phase-t.md,markdown_link
docs/README.md,52,cursor/reports/cursor-implementation-report-phase-v.md,markdown_link
docs/README.md,53,cursor/reports/cursor-implementation-report-phase-b-batch-audit.md,markdown_link
docs/README.md,54,reference/remaining-ops-checklist.md,markdown_link
docs/README.md,55,OPERATIONS.md,markdown_link
docs/README.md,59,../README.md,markdown_link
docs/REPOSITORY-STRUCTURE.md,35,../data/batches/README.md,markdown_link
docs/REPOSITORY-STRUCTURE.md,37,cursor/README.md,markdown_link
docs/REPOSITORY-STRUCTURE.md,50,../data/README.md,markdown_link
docs/REPOSITORY-STRUCTURE.md,474,reference/remaining-ops-checklist.md,markdown_link
docs/cursor/README.md,18,../REPOSITORY-STRUCTURE.md,markdown_link
docs/cursor/README.md,19,../PURPOSE.md,markdown_link
docs/cursor/README.md,20,../DESIGN.md,markdown_link
docs/cursor/README.md,21,../SPECIFICATION.md,markdown_link
docs/cursor/README.md,23,../REPOSITORY-STRUCTURE.md,markdown_link
docs/cursor/README.md,32,../reference/remaining-ops-checklist.md,markdown_link
docs/cursor/instructions/README.md,10,../../PURPOSE.md,markdown_link
docs/cursor/instructions/README.md,10,../../DESIGN.md,markdown_link
docs/cursor/instructions/README.md,10,../../SPECIFICATION.md,markdown_link
docs/cursor/instructions/README.md,11,../../REPOSITORY-STRUCTURE.md,markdown_link
docs/cursor/instructions/README.md,12,../../reference/remaining-ops-checklist.md,markdown_link
docs/cursor/instructions/README.md,14,../README.md,markdown_link
docs/cursor/recon/pre-issue-recon-20260716-data-ui-gas-halfbaked.md,13,pre-issue-recon-20260716-index-html-dom-structure.md,markdown_link
docs/cursor/recon/pre-issue-recon-20260716-data-ui-gas-halfbaked.md,13,pre-issue-recon-20260716-index-html-functions.md,markdown_link
docs/cursor/recon/pre-issue-recon-20260716-data-ui-gas-halfbaked.md,13,pre-issue-recon-20260716-index-html-i18n-css-storage.md,markdown_link
docs/cursor/recon/pre-issue-recon-20260716-index-html-dom-structure.md,12,pre-issue-recon-20260716-data-ui-gas-halfbaked.md,markdown_link
docs/cursor/recon/pre-issue-recon-20260716-index-html-functions.md,148,pre-issue-recon-20260716-data-ui-gas-halfbaked.md,markdown_link
docs/cursor/recon/pre-issue-recon-20260716-index-html-i18n-css-storage.md,136,pre-issue-recon-20260716-data-ui-gas-halfbaked.md,markdown_link
docs/cursor/reports/cursor-implementation-report-cefr-phase0a.md,72,wordlist-cefr-audit.md,markdown_link
docs/reference/README.md,6,../REPOSITORY-STRUCTURE.md,markdown_link
docs/reference/README.md,17,../PURPOSE.md,markdown_link
docs/reference/README.md,18,../DESIGN.md,markdown_link
docs/reference/README.md,19,../SPECIFICATION.md,markdown_link
docs/reference/README.md,20,../REPOSITORY-STRUCTURE.md,markdown_link
docs/reference/README.md,28,phase2-m2-completion-summary.md,markdown_link
docs/reference/README.md,29,c1-expansion-scope-design.md,markdown_link
docs/reference/README.md,30,r4-pending-review-guide.md,markdown_link
docs/reference/README.md,38,../cursor/briefs/cursor-ga-rp-same-flag-consultation.md,markdown_link
docs/reference/README.md,39,../cursor/instructions/cursor-instructions-progress-checks.md,markdown_link
docs/reference/README.md,40,../cursor/briefs/cursor-alt-accent-display-brief.md,markdown_link
docs/reference/README.md,44,../cursor/reports/cursor-implementation-report-phase-v.md,markdown_link
docs/reference/README.md,44,../cursor/briefs/cursor-vocab-page-migration.md,markdown_link
docs/reference/README.md,45,../cursor/reports/cursor-implementation-report-phase-t.md,markdown_link
docs/reference/README.md,45,remaining-ops-checklist.md,markdown_link
docs/reference/README.md,46,../cursor/reports/cursor-implementation-report-phase-b-batch-audit.md,markdown_link
docs/reference/README.md,47,remaining-ops-checklist.md,markdown_link
docs/reference/README.md,65,../cursor/README.md,markdown_link
docs/reference/remaining-ops-checklist.md,16,../../gas/README.md,markdown_link
docs/reference/remaining-ops-checklist.md,16,../cursor/reports/cursor-implementation-report-phase-t.md,markdown_link
docs/reference/remaining-ops-checklist.md,28,../../gas/README.md,markdown_link
gas/README.md,87,../docs/reference/remaining-ops-checklist.md,markdown_link
